"Data Source","Indicadores del desarrollo mundial",

"Last Updated Date","2022-06-30",

"Country Name","Country Code","Indicator Name","Indicator Code","1960","1961","1962","1963","1964","1965","1966","1967","1968","1969","1970","1971","1972","1973","1974","1975","1976","1977","1978","1979","1980","1981","1982","1983","1984","1985","1986","1987","1988","1989","1990","1991","1992","1993","1994","1995","1996","1997","1998","1999","2000","2001","2002","2003","2004","2005","2006","2007","2008","2009","2010","2011","2012","2013","2014","2015","2016","2017","2018","2019","2020","2021",
"Aruba","ABW","Población que vive en barrios de tugurios (% de la población urbana)","EN.POP.SLUM.UR.ZS","","","","","","","","","","","","","","","","","","","","","","","","","","","","","","","","","","","","","","","","","","","","","","","","","","","","","","","","","","","","","","",
"","AFE","Población que vive en barrios de tugurios (% de la población urbana)","EN.POP.SLUM.UR.ZS","","","","","","","","","","","","","","","","","","","","","","","","","","","","","","","60.3062325644903","","","","","58.1843451967359","","","","","58.5858448475536","","","","","61.1701517161063","","","","","55.6517974206725","","","","58.7543964465044","","57.1962248614318","","55.7709732028428","","","",
"Afganistán","AFG","Población que vive en barrios de tugurios (% de la población urbana)","EN.POP.SLUM.UR.ZS","","","","","","","","","","","","","","","","","","","","","","","","","","","","","","","","","","","","","","","","","","","","","","","","","","","","","","","62.7000007629395","","71.3000030517578","","70.6999969482422","","","",
"","AFW","Población que vive en barrios de tugurios (% de la población urbana)","EN.POP.SLUM.UR.ZS","","","","","","","","","","","","","","","","","","","","","","","","","","","","","","","73.2044453084875","","","","","69.062211666314","","","","","64.9690478983796","","","","","61.5822715658607","","","","","59.2088378637118","","","","51.4039417147374","","51.4340081326237","","51.1681319183562","","","",
"Angola","AGO","Población que vive en barrios de tugurios (% de la población urbana)","EN.POP.SLUM.UR.ZS","","","","","","","","","","","","","","","","","","","","","","","","","","","","","","","","","","","","","","","","","86.5","","","","","86.5","","","","","65.8000030517578","","","","55.5","","48.7999992370605","","48.5999984741211","","","",
"Albania","ALB","Población que vive en barrios de tugurios (% de la población urbana)","EN.POP.SLUM.UR.ZS","","","","","","","","","","","","","","","","","","","","","","","","","","","","","","","","","","","","","","","","","","","","","","","","","","","","","","","","","","","","","","",
"Andorra","AND","Población que vive en barrios de tugurios (% de la población urbana)","EN.POP.SLUM.UR.ZS","","","","","","","","","","","","","","","","","","","","","","","","","","","","","","","","","","","","","","","","","","","","","","","","","","","","","","","","","","","","","","",
"El mundo árabe","ARB","Población que vive en barrios de tugurios (% de la población urbana)","EN.POP.SLUM.UR.ZS","","","","","","","","","","","","","","","","","","","","","","","","","","","","","","","","","","","","","","","","","","","","","","27.5042657629934","","","","","","","","","30.9928907110012","","31.3471296150621","","31.0559253003346","","","",
"Emiratos Árabes Unidos","ARE","Población que vive en barrios de tugurios (% de la población urbana)","EN.POP.SLUM.UR.ZS","","","","","","","","","","","","","","","","","","","","","","","","","","","","","","","","","","","","","","","","","","","","","","","","","","","","","","","","","","","","","","",
"Argentina","ARG","Población que vive en barrios de tugurios (% de la población urbana)","EN.POP.SLUM.UR.ZS","","","","","","","","","","","","","","","","","","","","","","","","","","","","","","","30.5","","","","","31.7000007629395","","","","","32.9000015258789","","","","","26.2000007629395","","","","","20.7999992370605","","","","16.7000007629395","","14.6999998092651","","14.6999998092651","","","",
"Armenia","ARM","Población que vive en barrios de tugurios (% de la población urbana)","EN.POP.SLUM.UR.ZS","","","","","","","","","","","","","","","","","","","","","","","","","","","","","","","","","","","","","","","","","","","","","","","","","","","","","","","14.3999996185303","","9.30000019073486","","9.30000019073486","","","",
"Samoa Americana","ASM","Población que vive en barrios de tugurios (% de la población urbana)","EN.POP.SLUM.UR.ZS","","","","","","","","","","","","","","","","","","","","","","","","","","","","","","","","","","","","","","","","","","","","","","","","","","","","","","","","","","","","","","",
"Antigua y Barbuda","ATG","Población que vive en barrios de tugurios (% de la población urbana)","EN.POP.SLUM.UR.ZS","","","","","","","","","","","","","","","","","","","","","","","","","","","","","","","","","","","","","","","","","","","","","","","","","","","","","","","","","","","","","","",
"Australia","AUS","Población que vive en barrios de tugurios (% de la población urbana)","EN.POP.SLUM.UR.ZS","","","","","","","","","","","","","","","","","","","","","","","","","","","","","","","","","","","","","","","","","","","","","","","","","","","","","","","","","","","","","","",
"Austria","AUT","Población que vive en barrios de tugurios (% de la población urbana)","EN.POP.SLUM.UR.ZS","","","","","","","","","","","","","","","","","","","","","","","","","","","","","","","","","","","","","","","","","","","","","","","","","","","","","","","","","","","","","","",
"Azerbaiyán","AZE","Población que vive en barrios de tugurios (% de la población urbana)","EN.POP.SLUM.UR.ZS","","","","","","","","","","","","","","","","","","","","","","","","","","","","","","","","","","","","","","","","","","","","","","","","","","","","","","","","","","","","","","",
"Burundi","BDI","Población que vive en barrios de tugurios (% de la población urbana)","EN.POP.SLUM.UR.ZS","","","","","","","","","","","","","","","","","","","","","","","","","","","","","","","","","","","","","","","","","","","","","","64.3000030517578","","","","","","","","","57.9000015258789","","48.5999984741211","","47.7000007629395","","","",
"Bélgica","BEL","Población que vive en barrios de tugurios (% de la población urbana)","EN.POP.SLUM.UR.ZS","","","","","","","","","","","","","","","","","","","","","","","","","","","","","","","","","","","","","","","","","","","","","","","","","","","","","","","","","","","","","","",
"Benin","BEN","Población que vive en barrios de tugurios (% de la población urbana)","EN.POP.SLUM.UR.ZS","","","","","","","","","","","","","","","","","","","","","","","","","","","","","","","79.3000030517578","","","","","76.8000030517578","","","","","74.3000030517578","","","","","71.8000030517578","","","","","69.8000030517578","","","","61.5","","59.5999984741211","","58.7999992370605","","","",
"Burkina Faso","BFA","Población que vive en barrios de tugurios (% de la población urbana)","EN.POP.SLUM.UR.ZS","","","","","","","","","","","","","","","","","","","","","","","","","","","","","","","78.8000030517578","","","","","72.4000015258789","","","","","65.9000015258789","","","","","59.5","","","","","","","","","65.8000030517578","","58.5","","57.0999984741211","","","",
"Bangladesh","BGD","Población que vive en barrios de tugurios (% de la población urbana)","EN.POP.SLUM.UR.ZS","","","","","","","","","","","","","","","","","","","","","","","","","","","","","","","87.3000030517578","","","","","84.6999969482422","","","","","77.8000030517578","","","","","70.8000030517578","","","","","61.5999984741211","","","","55.0999984741211","","49.4000015258789","","47.2000007629395","","","",
"Bulgaria","BGR","Población que vive en barrios de tugurios (% de la población urbana)","EN.POP.SLUM.UR.ZS","","","","","","","","","","","","","","","","","","","","","","","","","","","","","","","","","","","","","","","","","","","","","","","","","","","","","","","","","","","","","","",
"Bahrein","BHR","Población que vive en barrios de tugurios (% de la población urbana)","EN.POP.SLUM.UR.ZS","","","","","","","","","","","","","","","","","","","","","","","","","","","","","","","","","","","","","","","","","","","","","","","","","","","","","","","","","","","","","","",
"Bahamas","BHS","Población que vive en barrios de tugurios (% de la población urbana)","EN.POP.SLUM.UR.ZS","","","","","","","","","","","","","","","","","","","","","","","","","","","","","","","","","","","","","","","","","","","","","","","","","","","","","","","","","","","","","","",
"Bosnia y Herzegovina","BIH","Población que vive en barrios de tugurios (% de la población urbana)","EN.POP.SLUM.UR.ZS","","","","","","","","","","","","","","","","","","","","","","","","","","","","","","","","","","","","","","","","","","","","","","","","","","","","","","","","","7.59999990463257","","7.59999990463257","","","",
"Belarús","BLR","Población que vive en barrios de tugurios (% de la población urbana)","EN.POP.SLUM.UR.ZS","","","","","","","","","","","","","","","","","","","","","","","","","","","","","","","","","","","","","","","","","","","","","","","","","","","","","","","","","45.2000007629395","","33.2000007629395","","","",
"Belice","BLZ","Población que vive en barrios de tugurios (% de la población urbana)","EN.POP.SLUM.UR.ZS","","","","","","","","","","","","","","","","","","","","","","","","","","","","","","","","","","","","","","","","","","","","","","","","","","","","","","","10.8000001907349","","5.09999990463257","","5","","","",
"Bermudas","BMU","Población que vive en barrios de tugurios (% de la población urbana)","EN.POP.SLUM.UR.ZS","","","","","","","","","","","","","","","","","","","","","","","","","","","","","","","","","","","","","","","","","","","","","","","","","","","","","","","","","","","","","","",
"Bolivia","BOL","Población que vive en barrios de tugurios (% de la población urbana)","EN.POP.SLUM.UR.ZS","","","","","","","","","","","","","","","","","","","","","","","","","","","","","","","62.2000007629395","","","","","58.2000007629395","","","","","54.2999992370605","","","","","50.4000015258789","","","","","47.2999992370605","","","","43.5","","49.5","","48.5","","","",
"Brasil","BRA","Población que vive en barrios de tugurios (% de la población urbana)","EN.POP.SLUM.UR.ZS","","","","","","","","","","","","","","","","","","","","","","","","","","","","","","","36.7000007629395","","","","","34.0999984741211","","","","","31.5","","","","","29","","","","","26.8999996185303","","","","22.2999992370605","","16.2999992370605","","16.2999992370605","","","",
"Barbados","BRB","Población que vive en barrios de tugurios (% de la población urbana)","EN.POP.SLUM.UR.ZS","","","","","","","","","","","","","","","","","","","","","","","","","","","","","","","","","","","","","","","","","","","","","","","","","","","","","","","","","","","","","","",
"Brunei Darussalam","BRN","Población que vive en barrios de tugurios (% de la población urbana)","EN.POP.SLUM.UR.ZS","","","","","","","","","","","","","","","","","","","","","","","","","","","","","","","","","","","","","","","","","","","","","","","","","","","","","","","","","","","","","","",
"Bhután","BTN","Población que vive en barrios de tugurios (% de la población urbana)","EN.POP.SLUM.UR.ZS","","","","","","","","","","","","","","","","","","","","","","","","","","","","","","","","","","","","","","","","","","","","","","","","","","","","","","","","","","","","","","",
"Botswana","BWA","Población que vive en barrios de tugurios (% de la población urbana)","EN.POP.SLUM.UR.ZS","","","","","","","","","","","","","","","","","","","","","","","","","","","","","","","","","","","","","","","","","","","","","","","","","","","","","","","","","","","","","","",
"República Centroafricana","CAF","Población que vive en barrios de tugurios (% de la población urbana)","EN.POP.SLUM.UR.ZS","","","","","","","","","","","","","","","","","","","","","","","","","","","","","","","87.5","","","","","89.6999969482422","","","","","91.9000015258789","","","","","94.0999984741211","","","","","95.9000015258789","","","","93.3000030517578","","97.5","","95.4000015258789","","","",
"Canadá","CAN","Población que vive en barrios de tugurios (% de la población urbana)","EN.POP.SLUM.UR.ZS","","","","","","","","","","","","","","","","","","","","","","","","","","","","","","","","","","","","","","","","","","","","","","","","","","","","","","","","","0.00999999977648258","","0.00999999977648258","","","",
"Europa Central y del Báltico","CEB","Población que vive en barrios de tugurios (% de la población urbana)","EN.POP.SLUM.UR.ZS","","","","","","","","","","","","","","","","","","","","","","","","","","","","","","","","","","","","","","","","","","","","","","","","","","","","","","","","","6.0616538117644","","5.4675126726348","","","",
"Suiza","CHE","Población que vive en barrios de tugurios (% de la población urbana)","EN.POP.SLUM.UR.ZS","","","","","","","","","","","","","","","","","","","","","","","","","","","","","","","","","","","","","","","","","","","","","","","","","","","","","","","","","","","","","","",
"Islas del Canal","CHI","Población que vive en barrios de tugurios (% de la población urbana)","EN.POP.SLUM.UR.ZS","","","","","","","","","","","","","","","","","","","","","","","","","","","","","","","","","","","","","","","","","","","","","","","","","","","","","","","","","","","","","","",
"Chile","CHL","Población que vive en barrios de tugurios (% de la población urbana)","EN.POP.SLUM.UR.ZS","","","","","","","","","","","","","","","","","","","","","","","","","","","","","","","","","","","","","","","","","","","","","","9","","","","","","","","","9","","9","","8.80000019073486","","","",
"China","CHN","Población que vive en barrios de tugurios (% de la población urbana)","EN.POP.SLUM.UR.ZS","","","","","","","","","","","","","","","","","","","","","","","","","","","","","","","43.5999984741211","","","","","40.5","","","","","37.2999992370605","","","","","32.9000015258789","","","","","29.1000003814697","","","","25.2000007629395","","","","24.6000003814697","","","",
"Côte d'Ivoire","CIV","Población que vive en barrios de tugurios (% de la población urbana)","EN.POP.SLUM.UR.ZS","","","","","","","","","","","","","","","","","","","","","","","","","","","","","","","53.4000015258789","","","","","54.2999992370605","","","","","55.2999992370605","","","","","56.2000007629395","","","","","57","","","","56","","59.2000007629395","","60.0999984741211","","","",
"Camerún","CMR","Población que vive en barrios de tugurios (% de la población urbana)","EN.POP.SLUM.UR.ZS","","","","","","","","","","","","","","","","","","","","","","","","","","","","","","","50.7999992370605","","","","","49.5999984741211","","","","","48.4000015258789","","","","","47.4000015258789","","","","","46.0999984741211","","","","37.7999992370605","","35.7999992370605","","33.7000007629395","","","",
"Congo, República Democrática del","COD","Población que vive en barrios de tugurios (% de la población urbana)","EN.POP.SLUM.UR.ZS","","","","","","","","","","","","","","","","","","","","","","","","","","","","","","","","","","","","","","","","","","","","","","76.4000015258789","","","","","61.7000007629395","","","","74.8000030517578","","79.0999984741211","","77.5","","","",
"Congo, República del","COG","Población que vive en barrios de tugurios (% de la población urbana)","EN.POP.SLUM.UR.ZS","","","","","","","","","","","","","","","","","","","","","","","","","","","","","","","","","","","","","","","","","","","","","","53.4000015258789","","","","","49.9000015258789","","","","46.9000015258789","","48","","47.7999992370605","","","",
"Colombia","COL","Población que vive en barrios de tugurios (% de la población urbana)","EN.POP.SLUM.UR.ZS","","","","","","","","","","","","","","","","","","","","","","","","","","","","","","","31.2000007629395","","","","","26.7999992370605","","","","","22.2999992370605","","","","","17.8999996185303","","","","","14.3000001907349","","","","13.1000003814697","","28.1000003814697","","27.7999992370605","","","",
"Comoras","COM","Población que vive en barrios de tugurios (% de la población urbana)","EN.POP.SLUM.UR.ZS","","","","","","","","","","","","","","","","","","","","","","","","","","","","","","","65.4000015258789","","","","","65.4000015258789","","","","","65.4000015258789","","","","","68.9000015258789","","","","","","","","","69.5999984741211","","69.5999984741211","","68.4000015258789","","","",
"Cabo Verde","CPV","Población que vive en barrios de tugurios (% de la población urbana)","EN.POP.SLUM.UR.ZS","","","","","","","","","","","","","","","","","","","","","","","","","","","","","","","","","","","","","","","","","","","","","","","","","","","","","","","","","","","","","","",
"Costa Rica","CRI","Población que vive en barrios de tugurios (% de la población urbana)","EN.POP.SLUM.UR.ZS","","","","","","","","","","","","","","","","","","","","","","","","","","","","","","","","","","","","","","","","","","","","","","10.8999996185303","","","","","","","","","5.5","","3.90000009536743","","3.90000009536743","","","",
"Estados pequeos del Caribe","CSS","Población que vive en barrios de tugurios (% de la población urbana)","EN.POP.SLUM.UR.ZS","","","","","","","","","","","","","","","","","","","","","","","","","","","","","","","","","","","","","","","","","","","","","","41.1140484087287","","","","","","","","","40.2441444828148","","35.2793132342178","","33.478228840617","","","",
"Cuba","CUB","Población que vive en barrios de tugurios (% de la población urbana)","EN.POP.SLUM.UR.ZS","","","","","","","","","","","","","","","","","","","","","","","","","","","","","","","","","","","","","","","","","","","","","","","","","","","","","","","","","6.59999990463257","","6.59999990463257","","","",
"Curacao","CUW","Población que vive en barrios de tugurios (% de la población urbana)","EN.POP.SLUM.UR.ZS","","","","","","","","","","","","","","","","","","","","","","","","","","","","","","","","","","","","","","","","","","","","","","","","","","","","","","","","","","","","","","",
"Islas Caimán","CYM","Población que vive en barrios de tugurios (% de la población urbana)","EN.POP.SLUM.UR.ZS","","","","","","","","","","","","","","","","","","","","","","","","","","","","","","","","","","","","","","","","","","","","","","","","","","","","","","","","","","","","","","",
"Chipre","CYP","Población que vive en barrios de tugurios (% de la población urbana)","EN.POP.SLUM.UR.ZS","","","","","","","","","","","","","","","","","","","","","","","","","","","","","","","","","","","","","","","","","","","","","","","","","","","","","","","","","","","","","","",
"República Checa","CZE","Población que vive en barrios de tugurios (% de la población urbana)","EN.POP.SLUM.UR.ZS","","","","","","","","","","","","","","","","","","","","","","","","","","","","","","","","","","","","","","","","","","","","","","","","","","","","","","","","","","","","","","",
"Alemania","DEU","Población que vive en barrios de tugurios (% de la población urbana)","EN.POP.SLUM.UR.ZS","","","","","","","","","","","","","","","","","","","","","","","","","","","","","","","","","","","","","","","","","","","","","","","","","","","","","","","","","0.00999999977648258","","0.00999999977648258","","","",
"Djibouti","DJI","Población que vive en barrios de tugurios (% de la población urbana)","EN.POP.SLUM.UR.ZS","","","","","","","","","","","","","","","","","","","","","","","","","","","","","","","","","","","","","","","","","","","","","","","","","","","","","","","65.5999984741211","","65.5999984741211","","64.5","","","",
"Dominica","DMA","Población que vive en barrios de tugurios (% de la población urbana)","EN.POP.SLUM.UR.ZS","","","","","","","","","","","","","","","","","","","","","","","","","","","","","","","","","","","","","","","","","","","","","","","","","","","","","","","","","","","","","","",
"Dinamarca","DNK","Población que vive en barrios de tugurios (% de la población urbana)","EN.POP.SLUM.UR.ZS","","","","","","","","","","","","","","","","","","","","","","","","","","","","","","","","","","","","","","","","","","","","","","","","","","","","","","","","","0.00100000004749745","","0.00100000004749745","","","",
"República Dominicana","DOM","Población que vive en barrios de tugurios (% de la población urbana)","EN.POP.SLUM.UR.ZS","","","","","","","","","","","","","","","","","","","","","","","","","","","","","","","27.8999996185303","","","","","24.3999996185303","","","","","21","","","","","17.6000003814697","","","","","14.8000001907349","","","","12.1000003814697","","14.8000001907349","","14.8000001907349","","","",
"Argelia","DZA","Población que vive en barrios de tugurios (% de la población urbana)","EN.POP.SLUM.UR.ZS","","","","","","","","","","","","","","","","","","","","","","","","","","","","","","","","","","","","","","","","","","","","","","","","","","","","","","","","","","","","","","",
"Asia oriental y el Pacífico (excluido altos ingresos)","EAP","Población que vive en barrios de tugurios (% de la población urbana)","EN.POP.SLUM.UR.ZS","","","","","","","","","","","","","","","","","","","","","","","","","","","","","","","46.0376057650037","","","","","42.021156220944","","","","","37.9019605400663","","","","","33.1172566606095","","","","","28.9492683183818","","","","25.7913934272637","","","","26.3951207342983","","","",
"inicial del dividendo demográfico","EAR","Población que vive en barrios de tugurios (% de la población urbana)","EN.POP.SLUM.UR.ZS","","","","","","","","","","","","","","","","","","","","","","","","","","","","","","","49.3992754701137","","","","","44.5250923166202","","","","","39.3504341084471","","","","","33.2447559416372","","","","","31.1549610548683","","","","27.0143875699011","","31.8925066273324","","31.7231848348401","","","",
"Asia oriental y el Pacífico","EAS","Población que vive en barrios de tugurios (% de la población urbana)","EN.POP.SLUM.UR.ZS","","","","","","","","","","","","","","","","","","","","","","","","","","","","","","","46.0376057650037","","","","","42.021156220944","","","","","37.9019605400663","","","","","33.1172566606095","","","","","28.9492683183818","","","","25.7913934272637","","","","26.3951207342983","","","",
"Europa y Asia central (excluido altos ingresos)","ECA","Población que vive en barrios de tugurios (% de la población urbana)","EN.POP.SLUM.UR.ZS","","","","","","","","","","","","","","","","","","","","","","","","","","","","","","","","","","","","","","","","","","","","","","","","","","","","","","","","","","","","","","",
"Europa y Asia central","ECS","Población que vive en barrios de tugurios (% de la población urbana)","EN.POP.SLUM.UR.ZS","","","","","","","","","","","","","","","","","","","","","","","","","","","","","","","","","","","","","","","","","","","","","","","","","","","","","","","","","","","","","","",
"Ecuador","ECU","Población que vive en barrios de tugurios (% de la población urbana)","EN.POP.SLUM.UR.ZS","","","","","","","","","","","","","","","","","","","","","","","","","","","","","","","","","","","","","","","","","","","","","","21.5","","","","","","","","","36","","20.2999992370605","","20.1000003814697","","","",
"Egipto, República Árabe de","EGY","Población que vive en barrios de tugurios (% de la población urbana)","EN.POP.SLUM.UR.ZS","","","","","","","","","","","","","","","","","","","","","","","","","","","","","","","50.2000007629395","","","","","39.2000007629395","","","","","28.1000003814697","","","","","17.1000003814697","","","","","13.1000003814697","","","","10.6000003814697","","6.59999990463257","","5.19999980926514","","","",
"Zona del Euro","EMU","Población que vive en barrios de tugurios (% de la población urbana)","EN.POP.SLUM.UR.ZS","","","","","","","","","","","","","","","","","","","","","","","","","","","","","","","","","","","","","","","","","","","","","","","","","","","","","","","","","","","","","","",
"Eritrea","ERI","Población que vive en barrios de tugurios (% de la población urbana)","EN.POP.SLUM.UR.ZS","","","","","","","","","","","","","","","","","","","","","","","","","","","","","","","","","","","","","","","","","","","","","","","","","","","","","","","","","","","","","","",
"España","ESP","Población que vive en barrios de tugurios (% de la población urbana)","EN.POP.SLUM.UR.ZS","","","","","","","","","","","","","","","","","","","","","","","","","","","","","","","","","","","","","","","","","","","","","","","","","","","","","","","","","7.80000019073486","","5.5","","","",
"Estonia","EST","Población que vive en barrios de tugurios (% de la población urbana)","EN.POP.SLUM.UR.ZS","","","","","","","","","","","","","","","","","","","","","","","","","","","","","","","","","","","","","","","","","","","","","","","","","","","","","","","","","","","","","","",
"Etiopía","ETH","Población que vive en barrios de tugurios (% de la población urbana)","EN.POP.SLUM.UR.ZS","","","","","","","","","","","","","","","","","","","","","","","","","","","","","","","95.5","","","","","95.5","","","","","88.5999984741211","","","","","81.8000030517578","","","","","76.4000015258789","","","","73.9000015258789","","65.9000015258789","","64.3000030517578","","","",
"Unión Europea","EUU","Población que vive en barrios de tugurios (% de la población urbana)","EN.POP.SLUM.UR.ZS","","","","","","","","","","","","","","","","","","","","","","","","","","","","","","","","","","","","","","","","","","","","","","","","","","","","","","","","","","","","","","",
"Frágiles y situaciones de conflicto afectados","FCS","Población que vive en barrios de tugurios (% de la población urbana)","EN.POP.SLUM.UR.ZS","","","","","","","","","","","","","","","","","","","","","","","","","","","","","","","","","","","","","","","","","","","","","","57.9523986434268","","","","","","","","","55.5267022018865","","57.1742901634793","","58.3965356152153","","","",
"Finlandia","FIN","Población que vive en barrios de tugurios (% de la población urbana)","EN.POP.SLUM.UR.ZS","","","","","","","","","","","","","","","","","","","","","","","","","","","","","","","","","","","","","","","","","","","","","","","","","","","","","","","","","","","","","","",
"Fiji","FJI","Población que vive en barrios de tugurios (% de la población urbana)","EN.POP.SLUM.UR.ZS","","","","","","","","","","","","","","","","","","","","","","","","","","","","","","","","","","","","","","","","","","","","","","","","","","","","","","","","","10.8000001907349","","11.1999998092651","","","",
"Francia","FRA","Población que vive en barrios de tugurios (% de la población urbana)","EN.POP.SLUM.UR.ZS","","","","","","","","","","","","","","","","","","","","","","","","","","","","","","","","","","","","","","","","","","","","","","","","","","","","","","","","","","","","","","",
"Islas Feroe","FRO","Población que vive en barrios de tugurios (% de la población urbana)","EN.POP.SLUM.UR.ZS","","","","","","","","","","","","","","","","","","","","","","","","","","","","","","","","","","","","","","","","","","","","","","","","","","","","","","","","","","","","","","",
"Micronesia (Estados Federados de)","FSM","Población que vive en barrios de tugurios (% de la población urbana)","EN.POP.SLUM.UR.ZS","","","","","","","","","","","","","","","","","","","","","","","","","","","","","","","","","","","","","","","","","","","","","","","","","","","","","","","","","","","","","","",
"Gabón","GAB","Población que vive en barrios de tugurios (% de la población urbana)","EN.POP.SLUM.UR.ZS","","","","","","","","","","","","","","","","","","","","","","","","","","","","","","","","","","","","","","","","","","","","","","38.7000007629395","","","","","","","","","37","","36.5999984741211","","36.5999984741211","","","",
"Reino Unido","GBR","Población que vive en barrios de tugurios (% de la población urbana)","EN.POP.SLUM.UR.ZS","","","","","","","","","","","","","","","","","","","","","","","","","","","","","","","","","","","","","","","","","","","","","","","","","","","","","","","","","","","","","","",
"Georgia","GEO","Población que vive en barrios de tugurios (% de la población urbana)","EN.POP.SLUM.UR.ZS","","","","","","","","","","","","","","","","","","","","","","","","","","","","","","","","","","","","","","","","","","","","","","","","","","","","","","","","","34.0999984741211","","34.0999984741211","","","",
"Ghana","GHA","Población que vive en barrios de tugurios (% de la población urbana)","EN.POP.SLUM.UR.ZS","","","","","","","","","","","","","","","","","","","","","","","","","","","","","","","65.5","","","","","58.7999992370605","","","","","52.0999984741211","","","","","45.4000015258789","","","","","40.0999984741211","","","","37.9000015258789","","30.3999996185303","","30.3999996185303","","","",
"Gibraltar","GIB","Población que vive en barrios de tugurios (% de la población urbana)","EN.POP.SLUM.UR.ZS","","","","","","","","","","","","","","","","","","","","","","","","","","","","","","","","","","","","","","","","","","","","","","","","","","","","","","","","","","","","","","",
"Guinea","GIN","Población que vive en barrios de tugurios (% de la población urbana)","EN.POP.SLUM.UR.ZS","","","","","","","","","","","","","","","","","","","","","","","","","","","","","","","80.4000015258789","","","","","68.8000030517578","","","","","57.2999992370605","","","","","45.7000007629395","","","","","","","","","43.2999992370605","","49.2000007629395","","50.0999984741211","","","",
"Gambia","GMB","Población que vive en barrios de tugurios (% de la población urbana)","EN.POP.SLUM.UR.ZS","","","","","","","","","","","","","","","","","","","","","","","","","","","","","","","","","","","","","","","","","","","","","","45.4000015258789","","","","","","","","","34.7999992370605","","26","","27.1000003814697","","","",
"Guinea-Bissau","GNB","Población que vive en barrios de tugurios (% de la población urbana)","EN.POP.SLUM.UR.ZS","","","","","","","","","","","","","","","","","","","","","","","","","","","","","","","","","","","","","","","","","","","","","","83.0999984741211","","","","","","","","","82.3000030517578","","78.9000015258789","","74.4000015258789","","","",
"Guinea Ecuatorial","GNQ","Población que vive en barrios de tugurios (% de la población urbana)","EN.POP.SLUM.UR.ZS","","","","","","","","","","","","","","","","","","","","","","","","","","","","","","","","","","","","","","","","","","","","","","66.3000030517578","","","","","","","","","66.1999969482422","","66.0999984741211","","64.9000015258789","","","",
"Grecia","GRC","Población que vive en barrios de tugurios (% de la población urbana)","EN.POP.SLUM.UR.ZS","","","","","","","","","","","","","","","","","","","","","","","","","","","","","","","","","","","","","","","","","","","","","","","","","","","","","","","","","3","","3","","","",
"Granada","GRD","Población que vive en barrios de tugurios (% de la población urbana)","EN.POP.SLUM.UR.ZS","","","","","","","","","","","","","","","","","","","","","","","","","","","","","","","","","","","","","","","","","","","","","","6","","","","","","","","","6","","","","6","","","",
"Groenlandia","GRL","Población que vive en barrios de tugurios (% de la población urbana)","EN.POP.SLUM.UR.ZS","","","","","","","","","","","","","","","","","","","","","","","","","","","","","","","","","","","","","","","","","","","","","","","","","","","","","","","","","","","","","","",
"Guatemala","GTM","Población que vive en barrios de tugurios (% de la población urbana)","EN.POP.SLUM.UR.ZS","","","","","","","","","","","","","","","","","","","","","","","","","","","","","","","58.5999984741211","","","","","53.2999992370605","","","","","48.0999984741211","","","","","42.9000015258789","","","","","38.7000007629395","","","","38.7000007629395","","31","","31","","","",
"Guam","GUM","Población que vive en barrios de tugurios (% de la población urbana)","EN.POP.SLUM.UR.ZS","","","","","","","","","","","","","","","","","","","","","","","","","","","","","","","","","","","","","","","","","","","","","","","","","","","","","","","","","","","","","","",
"Guyana","GUY","Población que vive en barrios de tugurios (% de la población urbana)","EN.POP.SLUM.UR.ZS","","","","","","","","","","","","","","","","","","","","","","","","","","","","","","","","","","","","","","","","","","","","","","33.7000007629395","","","","","33.2000007629395","","","","33.0999984741211","","32.5999984741211","","31.1000003814697","","","",
"Ingreso alto","HIC","Población que vive en barrios de tugurios (% de la población urbana)","EN.POP.SLUM.UR.ZS","","","","","","","","","","","","","","","","","","","","","","","","","","","","","","","","","","","","","","","","","","","","","","","","","","","","","","","","","","","","","","",
"Hong Kong, Región Administrativa Especial","HKG","Población que vive en barrios de tugurios (% de la población urbana)","EN.POP.SLUM.UR.ZS","","","","","","","","","","","","","","","","","","","","","","","","","","","","","","","","","","","","","","","","","","","","","","","","","","","","","","","","","","","","","","",
"Honduras","HND","Población que vive en barrios de tugurios (% de la población urbana)","EN.POP.SLUM.UR.ZS","","","","","","","","","","","","","","","","","","","","","","","","","","","","","","","","","","","","","","","","","","","","","","34.9000015258789","","","","","","","","","27.5","","40.4000015258789","","38.5999984741211","","","",
"Países pobres muy endeudados (PPME)","HPC","Población que vive en barrios de tugurios (% de la población urbana)","EN.POP.SLUM.UR.ZS","","","","","","","","","","","","","","","","","","","","","","","","","","","","","","","74.6773907117342","","","","","71.6685284342492","","","","","67.9200814489026","","","","","64.9521839234127","","","","","62.1954190061054","","","","61.7977526733974","","59.9914685965596","","58.4795344784781","","","",
"Croacia","HRV","Población que vive en barrios de tugurios (% de la población urbana)","EN.POP.SLUM.UR.ZS","","","","","","","","","","","","","","","","","","","","","","","","","","","","","","","","","","","","","","","","","","","","","","","","","","","","","","","","","","","","","","",
"Haití","HTI","Población que vive en barrios de tugurios (% de la población urbana)","EN.POP.SLUM.UR.ZS","","","","","","","","","","","","","","","","","","","","","","","","","","","","","","","93.4000015258789","","","","","93.4000015258789","","","","","93.4000015258789","","","","","70.0999984741211","","","","","70.0999984741211","","","","74.4000015258789","","65.9000015258789","","65.9000015258789","","","",
"Hungría","HUN","Población que vive en barrios de tugurios (% de la población urbana)","EN.POP.SLUM.UR.ZS","","","","","","","","","","","","","","","","","","","","","","","","","","","","","","","","","","","","","","","","","","","","","","","","","","","","","","","","","13.6000003814697","","13.6000003814697","","","",
"Sólo BIRF","IBD","Población que vive en barrios de tugurios (% de la población urbana)","EN.POP.SLUM.UR.ZS","","","","","","","","","","","","","","","","","","","","","","","","","","","","","","","44.0388004440983","","","","","39.7814946374839","","","","","35.6802480678872","","","","","30.7101480159003","","","","","27.8803262193554","","","","23.6783355177356","","","","25.5745089465876","","","",
"BIRF y la AIF","IBT","Población que vive en barrios de tugurios (% de la población urbana)","EN.POP.SLUM.UR.ZS","","","","","","","","","","","","","","","","","","","","","","","","","","","","","","","47.4137799063575","","","","","43.530020350347","","","","","39.6615517871702","","","","","35.680758653047","","","","","33.1684811781838","","","","29.7337734541983","","33.2756183894077","","30.9804534049742","","","",
"total de la AIF","IDA","Población que vive en barrios de tugurios (% de la población urbana)","EN.POP.SLUM.UR.ZS","","","","","","","","","","","","","","","","","","","","","","","","","","","","","","","69.8862146604754","","","","","67.4668592024332","","","","","64.1654814636151","","","","","60.0691410488515","","","","","58.9505687945911","","","","55.0784541242633","","53.2791292127751","","52.8748039453393","","","",
"mezcla de la AIF","IDB","Población que vive en barrios de tugurios (% de la población urbana)","EN.POP.SLUM.UR.ZS","","","","","","","","","","","","","","","","","","","","","","","","","","","","","","","59.451645390261","","","","","57.4839645562054","","","","","55.6633923173086","","","","","54.6249558631144","","","","","53.508719951366","","","","47.2920542397999","","46.9629164134855","","46.7745024321153","","","",
"Indonesia","IDN","Población que vive en barrios de tugurios (% de la población urbana)","EN.POP.SLUM.UR.ZS","","","","","","","","","","","","","","","","","","","","","","","","","","","","","","","50.7999992370605","","","","","42.5999984741211","","","","","34.4000015258789","","","","","26.2999992370605","","","","","23","","","","21.7999992370605","","30.8999996185303","","30.6000003814697","","","",
"Sólo AIF","IDX","Población que vive en barrios de tugurios (% de la población urbana)","EN.POP.SLUM.UR.ZS","","","","","","","","","","","","","","","","","","","","","","","","","","","","","","","","","","","","","","","","","","","","","","63.5790213396586","","","","","63.5281751902863","","","","59.6467950023036","","57.2408314964399","","56.677775536552","","","",
"Isla de Man","IMN","Población que vive en barrios de tugurios (% de la población urbana)","EN.POP.SLUM.UR.ZS","","","","","","","","","","","","","","","","","","","","","","","","","","","","","","","","","","","","","","","","","","","","","","","","","","","","","","","","","","","","","","",
"India","IND","Población que vive en barrios de tugurios (% de la población urbana)","EN.POP.SLUM.UR.ZS","","","","","","","","","","","","","","","","","","","","","","","","","","","","","","","54.9000015258789","","","","","48.2000007629395","","","","","41.5","","","","","34.7999992370605","","","","","29.3999996185303","","","","24","","35.4000015258789","","35.2000007629395","","","",
"No clasificado","INX","Población que vive en barrios de tugurios (% de la población urbana)","EN.POP.SLUM.UR.ZS","","","","","","","","","","","","","","","","","","","","","","","","","","","","","","","","","","","","","","","","","","","","","","","","","","","","","","","","","","","","","","",
"Irlanda","IRL","Población que vive en barrios de tugurios (% de la población urbana)","EN.POP.SLUM.UR.ZS","","","","","","","","","","","","","","","","","","","","","","","","","","","","","","","","","","","","","","","","","","","","","","","","","","","","","","","","","","","","","","",
"Irán, República Islámica del","IRN","Población que vive en barrios de tugurios (% de la población urbana)","EN.POP.SLUM.UR.ZS","","","","","","","","","","","","","","","","","","","","","","","","","","","","","","","","","","","","","","","","","","","","","","","","","","","","","","","","","23.8999996185303","","25.2999992370605","","","",
"Iraq","IRQ","Población que vive en barrios de tugurios (% de la población urbana)","EN.POP.SLUM.UR.ZS","","","","","","","","","","","","","","","","","","","","","","","","","","","","","","","16.8999996185303","","","","","16.8999996185303","","","","","16.8999996185303","","","","","52.7999992370605","","","","","52.7999992370605","","","","47.2000007629395","","46.4000015258789","","45.7000007629395","","","",
"Islandia","ISL","Población que vive en barrios de tugurios (% de la población urbana)","EN.POP.SLUM.UR.ZS","","","","","","","","","","","","","","","","","","","","","","","","","","","","","","","","","","","","","","","","","","","","","","","","","","","","","","","","","","","","","","",
"Israel","ISR","Población que vive en barrios de tugurios (% de la población urbana)","EN.POP.SLUM.UR.ZS","","","","","","","","","","","","","","","","","","","","","","","","","","","","","","","","","","","","","","","","","","","","","","","","","","","","","","","","","","","","","","",
"Italia","ITA","Población que vive en barrios de tugurios (% de la población urbana)","EN.POP.SLUM.UR.ZS","","","","","","","","","","","","","","","","","","","","","","","","","","","","","","","","","","","","","","","","","","","","","","","","","","","","","","","","","","","","","","",
"Jamaica","JAM","Población que vive en barrios de tugurios (% de la población urbana)","EN.POP.SLUM.UR.ZS","","","","","","","","","","","","","","","","","","","","","","","","","","","","","","","","","","","","","","","","","","","","","","60.5","","","","","","","","","60.5","","59.7999992370605","","57.0999984741211","","","",
"Jordania","JOR","Población que vive en barrios de tugurios (% de la población urbana)","EN.POP.SLUM.UR.ZS","","","","","","","","","","","","","","","","","","","","","","","","","","","","","","","","","","","","","","","","","","","","","","15.8000001907349","","","","","19.6000003814697","","","","12.8999996185303","","21.1000003814697","","23.3999996185303","","","",
"Japón","JPN","Población que vive en barrios de tugurios (% de la población urbana)","EN.POP.SLUM.UR.ZS","","","","","","","","","","","","","","","","","","","","","","","","","","","","","","","","","","","","","","","","","","","","","","","","","","","","","","","","","","","","","","",
"Kazajstán","KAZ","Población que vive en barrios de tugurios (% de la población urbana)","EN.POP.SLUM.UR.ZS","","","","","","","","","","","","","","","","","","","","","","","","","","","","","","","","","","","","","","","","","","","","","","","","","","","","","","","","","","","","","","",
"Kenya","KEN","Población que vive en barrios de tugurios (% de la población urbana)","EN.POP.SLUM.UR.ZS","","","","","","","","","","","","","","","","","","","","","","","","","","","","","","","54.9000015258789","","","","","54.7999992370605","","","","","54.7999992370605","","","","","54.7999992370605","","","","","54.7000007629395","","","","56","","46.5","","46.5","","","",
"Kirguistán","KGZ","Población que vive en barrios de tugurios (% de la población urbana)","EN.POP.SLUM.UR.ZS","","","","","","","","","","","","","","","","","","","","","","","","","","","","","","","","","","","","","","","","","","","","","","","","","","","","","","","","","9.69999980926514","","9.69999980926514","","","",
"Camboya","KHM","Población que vive en barrios de tugurios (% de la población urbana)","EN.POP.SLUM.UR.ZS","","","","","","","","","","","","","","","","","","","","","","","","","","","","","","","","","","","","","","","","","","","","","","78.9000015258789","","","","","","","","","55.0999984741211","","47.7000007629395","","45.0999984741211","","","",
"Kiribati","KIR","Población que vive en barrios de tugurios (% de la población urbana)","EN.POP.SLUM.UR.ZS","","","","","","","","","","","","","","","","","","","","","","","","","","","","","","","","","","","","","","","","","","","","","","","","","","","","","","","","","","","","","","",
"Saint Kitts y Nevis","KNA","Población que vive en barrios de tugurios (% de la población urbana)","EN.POP.SLUM.UR.ZS","","","","","","","","","","","","","","","","","","","","","","","","","","","","","","","","","","","","","","","","","","","","","","","","","","","","","","","","","","","","","","",
"Corea, República de","KOR","Población que vive en barrios de tugurios (% de la población urbana)","EN.POP.SLUM.UR.ZS","","","","","","","","","","","","","","","","","","","","","","","","","","","","","","","","","","","","","","","","","","","","","","","","","","","","","","","","","","","","","","",
"Kuwait","KWT","Población que vive en barrios de tugurios (% de la población urbana)","EN.POP.SLUM.UR.ZS","","","","","","","","","","","","","","","","","","","","","","","","","","","","","","","","","","","","","","","","","","","","","","","","","","","","","","","","","","","","","","",
"América Latina y el Caribe (excluido altos ingresos)","LAC","Población que vive en barrios de tugurios (% de la población urbana)","EN.POP.SLUM.UR.ZS","","","","","","","","","","","","","","","","","","","","","","","","","","","","","","","35.5496803728819","","","","","32.9587543001712","","","","","30.3092011445831","","","","","25.6902531720411","","","","","","","","","20.8539172864618","","20.0033044084979","","19.913267250187","","","",
"República Democrática Popular Lao","LAO","Población que vive en barrios de tugurios (% de la población urbana)","EN.POP.SLUM.UR.ZS","","","","","","","","","","","","","","","","","","","","","","","","","","","","","","","","","","","","","","","","","","","","","","79.3000030517578","","","","","","","","","31.3999996185303","","20.7999992370605","","21.1000003814697","","","",
"Líbano","LBN","Población que vive en barrios de tugurios (% de la población urbana)","EN.POP.SLUM.UR.ZS","","","","","","","","","","","","","","","","","","","","","","","","","","","","","","","","","","","","","","","","","","","","","","53.0999984741211","","","","","","","","","53.0999984741211","","","","61.0999984741211","","","",
"Liberia","LBR","Población que vive en barrios de tugurios (% de la población urbana)","EN.POP.SLUM.UR.ZS","","","","","","","","","","","","","","","","","","","","","","","","","","","","","","","","","","","","","","","","","","","","","","","","","","","68.3000030517578","","","","65.6999969482422","","70.3000030517578","","70.3000030517578","","","",
"Libia","LBY","Población que vive en barrios de tugurios (% de la población urbana)","EN.POP.SLUM.UR.ZS","","","","","","","","","","","","","","","","","","","","","","","","","","","","","","","","","","","","","","","","","","","","","","","","","","","","","","","","","","","","","","",
"Santa Lucía","LCA","Población que vive en barrios de tugurios (% de la población urbana)","EN.POP.SLUM.UR.ZS","","","","","","","","","","","","","","","","","","","","","","","","","","","","","","","","","","","","","","","","","","","","","","11.8999996185303","","","","","","","","","11.8999996185303","","11.8999996185303","","11.1999998092651","","","",
"América Latina y el Caribe","LCN","Población que vive en barrios de tugurios (% de la población urbana)","EN.POP.SLUM.UR.ZS","","","","","","","","","","","","","","","","","","","","","","","","","","","","","","","35.5496803728819","","","","","32.9587543001712","","","","","30.3092011445831","","","","","25.4622347523598","","","","","","","","","21.121645936023","","20.4338957753493","","20.7569337067902","","","",
"Países menos desarrollados: clasificación de las Naciones Unidas","LDC","Población que vive en barrios de tugurios (% de la población urbana)","EN.POP.SLUM.UR.ZS","","","","","","","","","","","","","","","","","","","","","","","","","","","","","","","","","","","","","","","","","","","","","","70.1853204280229","","","","","65.719703587373","","","","62.7368387744749","","60.2669553733651","","58.884202109667","","","",
"Países de ingreso bajo","LIC","Población que vive en barrios de tugurios (% de la población urbana)","EN.POP.SLUM.UR.ZS","","","","","","","","","","","","","","","","","","","","","","","","","","","","","","","","","","","","","","","","","","","","","","67.3081007600951","","","","","","","","","67.6456024669546","","66.3725371716062","","66.2993009600372","","","",
"Liechtenstein","LIE","Población que vive en barrios de tugurios (% de la población urbana)","EN.POP.SLUM.UR.ZS","","","","","","","","","","","","","","","","","","","","","","","","","","","","","","","","","","","","","","","","","","","","","","","","","","","","","","","","","","","","","","",
"Sri Lanka","LKA","Población que vive en barrios de tugurios (% de la población urbana)","EN.POP.SLUM.UR.ZS","","","","","","","","","","","","","","","","","","","","","","","","","","","","","","","","","","","","","","","","","","","","","","","","","","","","","","","","","","","","","","",
"Países de ingreso mediano bajo","LMC","Población que vive en barrios de tugurios (% de la población urbana)","EN.POP.SLUM.UR.ZS","","","","","","","","","","","","","","","","","","","","","","","","","","","","","","","56.9167994049237","","","","","51.3105621075675","","","","","45.8648958485102","","","","","40.6038336254694","","","","","36.3295024176719","","","","32.1795827506591","","35.9448304996225","","35.8142694706181","","","",
"Ingreso mediano y bajo","LMY","Población que vive en barrios de tugurios (% de la población urbana)","EN.POP.SLUM.UR.ZS","","","","","","","","","","","","","","","","","","","","","","","","","","","","","","","47.4137799063575","","","","","43.530020350347","","","","","39.6615517871702","","","","","35.9353671131321","","","","","33.1684811781838","","","","29.8421131458334","","33.8316726770179","","31.2391755668822","","","",
"Lesotho","LSO","Población que vive en barrios de tugurios (% de la población urbana)","EN.POP.SLUM.UR.ZS","","","","","","","","","","","","","","","","","","","","","","","","","","","","","","","","","","","","","","","","","","","","","","35.0999984741211","","","","","53.7000007629395","","","","50.7999992370605","","59.7000007629395","","53.5999984741211","","","",
"avanzada del dividendo demográfico","LTE","Población que vive en barrios de tugurios (% de la población urbana)","EN.POP.SLUM.UR.ZS","","","","","","","","","","","","","","","","","","","","","","","","","","","","","","","41.7407771582058","","","","","38.7604834731346","","","","","35.4797673052469","","","","","30.9247735650212","","","","","27.940453345097","","","","23.9220868962181","","","","22.0709941956233","","","",
"Lituania","LTU","Población que vive en barrios de tugurios (% de la población urbana)","EN.POP.SLUM.UR.ZS","","","","","","","","","","","","","","","","","","","","","","","","","","","","","","","","","","","","","","","","","","","","","","","","","","","","","","","","","","","","","","",
"Luxemburgo","LUX","Población que vive en barrios de tugurios (% de la población urbana)","EN.POP.SLUM.UR.ZS","","","","","","","","","","","","","","","","","","","","","","","","","","","","","","","","","","","","","","","","","","","","","","","","","","","","","","","","","","","","","","",
"Letonia","LVA","Población que vive en barrios de tugurios (% de la población urbana)","EN.POP.SLUM.UR.ZS","","","","","","","","","","","","","","","","","","","","","","","","","","","","","","","","","","","","","","","","","","","","","","","","","","","","","","","","","","","","","","",
"Región Administrativa Especial de Macao, China","MAC","Población que vive en barrios de tugurios (% de la población urbana)","EN.POP.SLUM.UR.ZS","","","","","","","","","","","","","","","","","","","","","","","","","","","","","","","","","","","","","","","","","","","","","","","","","","","","","","","","","","","","","","",
"Isla de San Martín (parte francesa)","MAF","Población que vive en barrios de tugurios (% de la población urbana)","EN.POP.SLUM.UR.ZS","","","","","","","","","","","","","","","","","","","","","","","","","","","","","","","","","","","","","","","","","","","","","","","","","","","","","","","","","","","","","","",
"Marruecos","MAR","Población que vive en barrios de tugurios (% de la población urbana)","EN.POP.SLUM.UR.ZS","","","","","","","","","","","","","","","","","","","","","","","","","","","","","","","37.4000015258789","","","","","35.2000007629395","","","","","24.2000007629395","","","","","13.1000003814697","","","","","13.1000003814697","","","","13.1000003814697","","10.1000003814697","","9.19999980926514","","","",
"Mónaco","MCO","Población que vive en barrios de tugurios (% de la población urbana)","EN.POP.SLUM.UR.ZS","","","","","","","","","","","","","","","","","","","","","","","","","","","","","","","","","","","","","","","","","","","","","","","","","","","","","","","","","","","","","","",
"República de Moldova","MDA","Población que vive en barrios de tugurios (% de la población urbana)","EN.POP.SLUM.UR.ZS","","","","","","","","","","","","","","","","","","","","","","","","","","","","","","","","","","","","","","","","","","","","","","","","","","","","","","","","","63.5","","59.2000007629395","","","",
"Madagascar","MDG","Población que vive en barrios de tugurios (% de la población urbana)","EN.POP.SLUM.UR.ZS","","","","","","","","","","","","","","","","","","","","","","","","","","","","","","","93","","","","","88.5999984741211","","","","","84.0999984741211","","","","","80.5999984741211","","","","","76.1999969482422","","","","77.1999969482422","","67.6999969482422","","61.2000007629395","","","",
"Maldivas","MDV","Población que vive en barrios de tugurios (% de la población urbana)","EN.POP.SLUM.UR.ZS","","","","","","","","","","","","","","","","","","","","","","","","","","","","","","","","","","","","","","","","","","","","","","","","","","","","","","","","","32.0999984741211","","30.1000003814697","","","",
"Oriente Medio y Norte de África","MEA","Población que vive en barrios de tugurios (% de la población urbana)","EN.POP.SLUM.UR.ZS","","","","","","","","","","","","","","","","","","","","","","","","","","","","","","","","","","","","","","","","","","","","","","","","","","","","","","","","","22.2426909704696","","24.0724393090607","","","",
"México","MEX","Población que vive en barrios de tugurios (% de la población urbana)","EN.POP.SLUM.UR.ZS","","","","","","","","","","","","","","","","","","","","","","","","","","","","","","","23.1000003814697","","","","","21.5","","","","","19.8999996185303","","","","","14.3999996185303","","","","","","","","","11.1000003814697","","16","","16","","","",
"Islas Marshall","MHL","Población que vive en barrios de tugurios (% de la población urbana)","EN.POP.SLUM.UR.ZS","","","","","","","","","","","","","","","","","","","","","","","","","","","","","","","","","","","","","","","","","","","","","","","","","","","","","","","","","","","","","","",
" Ingreso mediano","MIC","Población que vive en barrios de tugurios (% de la población urbana)","EN.POP.SLUM.UR.ZS","","","","","","","","","","","","","","","","","","","","","","","","","","","","","","","46.5246393204399","","","","","42.5341097034328","","","","","38.6042380598158","","","","","34.2726895371602","","","","","31.4856351913642","","","","27.1852447801996","","30.6326505097011","","28.7514925726115","","","",
"Macedonia del Norte","MKD","Población que vive en barrios de tugurios (% de la población urbana)","EN.POP.SLUM.UR.ZS","","","","","","","","","","","","","","","","","","","","","","","","","","","","","","","","","","","","","","","","","","","","","","","","","","","","","","","","","8.30000019073486","","8.30000019073486","","","",
"Malí","MLI","Población que vive en barrios de tugurios (% de la población urbana)","EN.POP.SLUM.UR.ZS","","","","","","","","","","","","","","","","","","","","","","","","","","","","","","","94.1999969482422","","","","","84.8000030517578","","","","","75.4000015258789","","","","","65.9000015258789","","","","","65.9000015258789","","","","56.2999992370605","","47","","47.2000007629395","","","",
"Malta","MLT","Población que vive en barrios de tugurios (% de la población urbana)","EN.POP.SLUM.UR.ZS","","","","","","","","","","","","","","","","","","","","","","","","","","","","","","","","","","","","","","","","","","","","","","","","","","","","","","","","","","","","","","",
"Myanmar","MMR","Población que vive en barrios de tugurios (% de la población urbana)","EN.POP.SLUM.UR.ZS","","","","","","","","","","","","","","","","","","","","","","","","","","","","","","","","","","","","","","","","","","","","","","45.5999984741211","","","","","","","","","41","","56.5999984741211","","56.0999984741211","","","",
"Oriente Medio y Norte de África (excluido altos ingresos)","MNA","Población que vive en barrios de tugurios (% de la población urbana)","EN.POP.SLUM.UR.ZS","","","","","","","","","","","","","","","","","","","","","","","","","","","","","","","","","","","","","","","","","","","","","","","","","","","","","","","","","22.2426909704696","","25.2053037193666","","","",
"Montenegro","MNE","Población que vive en barrios de tugurios (% de la población urbana)","EN.POP.SLUM.UR.ZS","","","","","","","","","","","","","","","","","","","","","","","","","","","","","","","","","","","","","","","","","","","","","","","","","","","","","","","","","27.1000003814697","","27.1000003814697","","","",
"Mongolia","MNG","Población que vive en barrios de tugurios (% de la población urbana)","EN.POP.SLUM.UR.ZS","","","","","","","","","","","","","","","","","","","","","","","","","","","","","","","68.5","","","","","66.6999969482422","","","","","64.9000015258789","","","","","57.9000015258789","","","","","","","","","42.7000007629395","","38.2999992370605","","38.2999992370605","","","",
"Mariana","MNP","Población que vive en barrios de tugurios (% de la población urbana)","EN.POP.SLUM.UR.ZS","","","","","","","","","","","","","","","","","","","","","","","","","","","","","","","","","","","","","","","","","","","","","","","","","","","","","","","","","","","","","","",
"Mozambique","MOZ","Población que vive en barrios de tugurios (% de la población urbana)","EN.POP.SLUM.UR.ZS","","","","","","","","","","","","","","","","","","","","","","","","","","","","","","","75.5999984741211","","","","","76.9000015258789","","","","","78.1999969482422","","","","","79.5","","","","","80.5","","","","80.3000030517578","","76.6999969482422","","77.1999969482422","","","",
"Mauritania","MRT","Población que vive en barrios de tugurios (% de la población urbana)","EN.POP.SLUM.UR.ZS","","","","","","","","","","","","","","","","","","","","","","","","","","","","","","","","","","","","","","","","","","","","","","","","","","","","","","","79.9000015258789","","79.5","","73.1999969482422","","","",
"Mauricio","MUS","Población que vive en barrios de tugurios (% de la población urbana)","EN.POP.SLUM.UR.ZS","","","","","","","","","","","","","","","","","","","","","","","","","","","","","","","","","","","","","","","","","","","","","","","","","","","","","","","","","","","","","","",
"Malawi","MWI","Población que vive en barrios de tugurios (% de la población urbana)","EN.POP.SLUM.UR.ZS","","","","","","","","","","","","","","","","","","","","","","","","","","","","","","","66.4000015258789","","","","","66.4000015258789","","","","","66.4000015258789","","","","","66.4000015258789","","","","","68.9000015258789","","","","66.6999969482422","","67","","65.0999984741211","","","",
"Malasia","MYS","Población que vive en barrios de tugurios (% de la población urbana)","EN.POP.SLUM.UR.ZS","","","","","","","","","","","","","","","","","","","","","","","","","","","","","","","","","","","","","","","","","","","","","","","","","","","","","","","","","","","","","","",
"América del Norte","NAC","Población que vive en barrios de tugurios (% de la población urbana)","EN.POP.SLUM.UR.ZS","","","","","","","","","","","","","","","","","","","","","","","","","","","","","","","","","","","","","","","","","","","","","","","","","","","","","","","","","","","","","","",
"Namibia","NAM","Población que vive en barrios de tugurios (% de la población urbana)","EN.POP.SLUM.UR.ZS","","","","","","","","","","","","","","","","","","","","","","","","","","","","","","","34.4000015258789","","","","","34.0999984741211","","","","","33.9000015258789","","","","","33.9000015258789","","","","","33.5","","","","39.4000015258789","","42.2999992370605","","42.2999992370605","","","",
"Nueva Caledonia","NCL","Población que vive en barrios de tugurios (% de la población urbana)","EN.POP.SLUM.UR.ZS","","","","","","","","","","","","","","","","","","","","","","","","","","","","","","","","","","","","","","","","","","","","","","","","","","","","","","","","","","","","","","",
"Níger","NER","Población que vive en barrios de tugurios (% de la población urbana)","EN.POP.SLUM.UR.ZS","","","","","","","","","","","","","","","","","","","","","","","","","","","","","","","83.5999984741211","","","","","83.0999984741211","","","","","82.5999984741211","","","","","82.0999984741211","","","","","81.6999969482422","","","","70.0999984741211","","61.7999992370605","","58.7999992370605","","","",
"Nigeria","NGA","Población que vive en barrios de tugurios (% de la población urbana)","EN.POP.SLUM.UR.ZS","","","","","","","","","","","","","","","","","","","","","","","","","","","","","","","77.3000030517578","","","","","73.5","","","","","69.5999984741211","","","","","65.8000030517578","","","","","62.7000007629395","","","","50.2000007629395","","53.9000015258789","","53.9000015258789","","","",
"Nicaragua","NIC","Población que vive en barrios de tugurios (% de la población urbana)","EN.POP.SLUM.UR.ZS","","","","","","","","","","","","","","","","","","","","","","","","","","","","","","","89.0999984741211","","","","","74.5","","","","","60","","","","","45.5","","","","","","","","","45.5","","43.2000007629395","","42.2000007629395","","","",
"Países Bajos","NLD","Población que vive en barrios de tugurios (% de la población urbana)","EN.POP.SLUM.UR.ZS","","","","","","","","","","","","","","","","","","","","","","","","","","","","","","","","","","","","","","","","","","","","","","","","","","","","","","","","","","","","","","",
"Noruega","NOR","Población que vive en barrios de tugurios (% de la población urbana)","EN.POP.SLUM.UR.ZS","","","","","","","","","","","","","","","","","","","","","","","","","","","","","","","","","","","","","","","","","","","","","","","","","","","","","","","","","0.00100000004749745","","0.00100000004749745","","","",
"Nepal","NPL","Población que vive en barrios de tugurios (% de la población urbana)","EN.POP.SLUM.UR.ZS","","","","","","","","","","","","","","","","","","","","","","","","","","","","","","","70.5999984741211","","","","","67.3000030517578","","","","","64","","","","","60.7000007629395","","","","","58.0999984741211","","","","54.2999992370605","","51","","49.2999992370605","","","",
"Nauru","NRU","Población que vive en barrios de tugurios (% de la población urbana)","EN.POP.SLUM.UR.ZS","","","","","","","","","","","","","","","","","","","","","","","","","","","","","","","","","","","","","","","","","","","","","","","","","","","","","","","","","","","","","","",
"Nueva Zelandia","NZL","Población que vive en barrios de tugurios (% de la población urbana)","EN.POP.SLUM.UR.ZS","","","","","","","","","","","","","","","","","","","","","","","","","","","","","","","","","","","","","","","","","","","","","","","","","","","","","","","","","","","","","","",
"Miembros OCDE","OED","Población que vive en barrios de tugurios (% de la población urbana)","EN.POP.SLUM.UR.ZS","","","","","","","","","","","","","","","","","","","","","","","","","","","","","","","","","","","","","","","","","","","","","","","","","","","","","","","","","","","","","","",
"Omán","OMN","Población que vive en barrios de tugurios (% de la población urbana)","EN.POP.SLUM.UR.ZS","","","","","","","","","","","","","","","","","","","","","","","","","","","","","","","","","","","","","","","","","","","","","","","","","","","","","","","","","","","","","","",
"Otros Estados pequeos","OSS","Población que vive en barrios de tugurios (% de la población urbana)","EN.POP.SLUM.UR.ZS","","","","","","","","","","","","","","","","","","","","","","","","","","","","","","","","","","","","","","","","","","","","","","","","","","","","","","","","","","","","","","",
"Pakistán","PAK","Población que vive en barrios de tugurios (% de la población urbana)","EN.POP.SLUM.UR.ZS","","","","","","","","","","","","","","","","","","","","","","","","","","","","","","","51","","","","","49.7999992370605","","","","","48.7000007629395","","","","","47.5","","","","","46.5999984741211","","","","45.5","","40.7999992370605","","40.0999984741211","","","",
"Panamá","PAN","Población que vive en barrios de tugurios (% de la población urbana)","EN.POP.SLUM.UR.ZS","","","","","","","","","","","","","","","","","","","","","","","","","","","","","","","","","","","","","","","","","","","","","","23","","","","","","","","","25.7999992370605","","22.1000003814697","","22.1000003814697","","","",
"Perú","PER","Población que vive en barrios de tugurios (% de la población urbana)","EN.POP.SLUM.UR.ZS","","","","","","","","","","","","","","","","","","","","","","","","","","","","","","","66.4000015258789","","","","","56.2999992370605","","","","","46.2000007629395","","","","","36.0999984741211","","","","","","","","","34.2000007629395","","33.7999992370605","","33.0999984741211","","","",
"Filipinas","PHL","Población que vive en barrios de tugurios (% de la población urbana)","EN.POP.SLUM.UR.ZS","","","","","","","","","","","","","","","","","","","","","","","","","","","","","","","54.2999992370605","","","","","50.7999992370605","","","","","47.2000007629395","","","","","43.7000007629395","","","","","40.9000015258789","","","","38.2999992370605","","43.5","","42.9000015258789","","","",
"Palau","PLW","Población que vive en barrios de tugurios (% de la población urbana)","EN.POP.SLUM.UR.ZS","","","","","","","","","","","","","","","","","","","","","","","","","","","","","","","","","","","","","","","","","","","","","","","","","","","","","","","","","","","","","","",
"Papua Nueva Guinea","PNG","Población que vive en barrios de tugurios (% de la población urbana)","EN.POP.SLUM.UR.ZS","","","","","","","","","","","","","","","","","","","","","","","","","","","","","","","","","","","","","","","","","","","","","","","","","","","","","","","","","","","","","","",
"Polonia","POL","Población que vive en barrios de tugurios (% de la población urbana)","EN.POP.SLUM.UR.ZS","","","","","","","","","","","","","","","","","","","","","","","","","","","","","","","","","","","","","","","","","","","","","","","","","","","","","","","","","0.00999999977648258","","0.00999999977648258","","","",
"previa al dividendo demográfico","PRE","Población que vive en barrios de tugurios (% de la población urbana)","EN.POP.SLUM.UR.ZS","","","","","","","","","","","","","","","","","","","","","","","","","","","","","","","64.9886443593018","","","","","62.9723126249013","","","","","62.2918815859597","","","","","65.9957880415061","","","","","61.9477166143614","","","","58.7114026366736","","58.1848311332329","","57.1023718889773","","","",
"Puerto Rico","PRI","Población que vive en barrios de tugurios (% de la población urbana)","EN.POP.SLUM.UR.ZS","","","","","","","","","","","","","","","","","","","","","","","","","","","","","","","","","","","","","","","","","","","","","","","","","","","","","","","","","","","","","","",
"Corea, República Popular Democrática de","PRK","Población que vive en barrios de tugurios (% de la población urbana)","EN.POP.SLUM.UR.ZS","","","","","","","","","","","","","","","","","","","","","","","","","","","","","","","","","","","","","","","","","","","","","","","","","","","","","","","","","","","","","","",
"Portugal","PRT","Población que vive en barrios de tugurios (% de la población urbana)","EN.POP.SLUM.UR.ZS","","","","","","","","","","","","","","","","","","","","","","","","","","","","","","","","","","","","","","","","","","","","","","","","","","","","","","","","","3.59999990463257","","3.59999990463257","","","",
"Paraguay","PRY","Población que vive en barrios de tugurios (% de la población urbana)","EN.POP.SLUM.UR.ZS","","","","","","","","","","","","","","","","","","","","","","","","","","","","","","","","","","","","","","","","","","","","","","17.6000003814697","","","","","","","","","17.6000003814697","","","","17.1000003814697","","","",
"Ribera Occidental y Gaza","PSE","Población que vive en barrios de tugurios (% de la población urbana)","EN.POP.SLUM.UR.ZS","","","","","","","","","","","","","","","","","","","","","","","","","","","","","","","","","","","","","","","","","","","","","","","","","","","","","","","","","","","","","","",
"Estados pequeos de las Islas del Pacfico","PSS","Población que vive en barrios de tugurios (% de la población urbana)","EN.POP.SLUM.UR.ZS","","","","","","","","","","","","","","","","","","","","","","","","","","","","","","","","","","","","","","","","","","","","","","","","","","","","","","","","","","","","","","",
"posterior al dividendo demográfico","PST","Población que vive en barrios de tugurios (% de la población urbana)","EN.POP.SLUM.UR.ZS","","","","","","","","","","","","","","","","","","","","","","","","","","","","","","","","","","","","","","","","","","","","","","","","","","","","","","","","","","","","","","",
"Polinesia Francesa","PYF","Población que vive en barrios de tugurios (% de la población urbana)","EN.POP.SLUM.UR.ZS","","","","","","","","","","","","","","","","","","","","","","","","","","","","","","","","","","","","","","","","","","","","","","","","","","","","","","","","","","","","","","",
"Qatar","QAT","Población que vive en barrios de tugurios (% de la población urbana)","EN.POP.SLUM.UR.ZS","","","","","","","","","","","","","","","","","","","","","","","","","","","","","","","","","","","","","","","","","","","","","","","","","","","","","","","","","","","","","","",
"Rumania","ROU","Población que vive en barrios de tugurios (% de la población urbana)","EN.POP.SLUM.UR.ZS","","","","","","","","","","","","","","","","","","","","","","","","","","","","","","","","","","","","","","","","","","","","","","","","","","","","","","","","","14.3999996185303","","12.1000003814697","","","",
"Federación de Rusia","RUS","Población que vive en barrios de tugurios (% de la población urbana)","EN.POP.SLUM.UR.ZS","","","","","","","","","","","","","","","","","","","","","","","","","","","","","","","","","","","","","","","","","","","","","","","","","","","","","","","","","","","","","","",
"Rwanda","RWA","Población que vive en barrios de tugurios (% de la población urbana)","EN.POP.SLUM.UR.ZS","","","","","","","","","","","","","","","","","","","","","","","","","","","","","","","96","","","","","87.9000015258789","","","","","79.6999969482422","","","","","71.5999984741211","","","","","65.0999984741211","","","","53.2000007629395","","45.5","","42.0999984741211","","","",
"Asia meridional","SAS","Población que vive en barrios de tugurios (% de la población urbana)","EN.POP.SLUM.UR.ZS","","","","","","","","","","","","","","","","","","","","","","","","","","","","","","","56.914032115668","","","","","51.3552626222296","","","","","45.5348280279601","","","","","39.7511550292571","","","","","34.7792661108971","","","","30.4594051132716","","38.0970254528107","","37.6560947439141","","","",
"Arabia Saudita","SAU","Población que vive en barrios de tugurios (% de la población urbana)","EN.POP.SLUM.UR.ZS","","","","","","","","","","","","","","","","","","","","","","","","","","","","","","","","","","","","","","","","","","","","","","18","","","","","","","","","18","","","","16.2000007629395","","","",
"Sudán","SDN","Población que vive en barrios de tugurios (% de la población urbana)","EN.POP.SLUM.UR.ZS","","","","","","","","","","","","","","","","","","","","","","","","","","","","","","","","","","","","","","","","","","","","","","","","","","","","","","","91.5999984741211","","93.5999984741211","","88.4000015258789","","","",
"Senegal","SEN","Población que vive en barrios de tugurios (% de la población urbana)","EN.POP.SLUM.UR.ZS","","","","","","","","","","","","","","","","","","","","","","","","","","","","","","","70.5999984741211","","","","","59.7999992370605","","","","","48.9000015258789","","","","","43.2999992370605","","","","","38.7999992370605","","","","38.7999992370605","","29.5","","29.5","","","",
"Singapur","SGP","Población que vive en barrios de tugurios (% de la población urbana)","EN.POP.SLUM.UR.ZS","","","","","","","","","","","","","","","","","","","","","","","","","","","","","","","","","","","","","","","","","","","","","","","","","","","","","","","","","","","","","","",
"Islas Salomón","SLB","Población que vive en barrios de tugurios (% de la población urbana)","EN.POP.SLUM.UR.ZS","","","","","","","","","","","","","","","","","","","","","","","","","","","","","","","","","","","","","","","","","","","","","","","","","","","","","","","","","","","","","","",
"Sierra Leona","SLE","Población que vive en barrios de tugurios (% de la población urbana)","EN.POP.SLUM.UR.ZS","","","","","","","","","","","","","","","","","","","","","","","","","","","","","","","","","","","","","","","","","","","","","","97","","","","","","","","","75.5999984741211","","59.7999992370605","","59.0999984741211","","","",
"El Salvador","SLV","Población que vive en barrios de tugurios (% de la población urbana)","EN.POP.SLUM.UR.ZS","","","","","","","","","","","","","","","","","","","","","","","","","","","","","","","","","","","","","","","","","","","","","","28.8999996185303","","","","","","","","","28.8999996185303","","22.3999996185303","","22.3999996185303","","","",
"San Marino","SMR","Población que vive en barrios de tugurios (% de la población urbana)","EN.POP.SLUM.UR.ZS","","","","","","","","","","","","","","","","","","","","","","","","","","","","","","","","","","","","","","","","","","","","","","","","","","","","","","","","","","","","","","",
"Somalia","SOM","Población que vive en barrios de tugurios (% de la población urbana)","EN.POP.SLUM.UR.ZS","","","","","","","","","","","","","","","","","","","","","","","","","","","","","","","","","","","","","","","","","","","","","","73.5","","","","","73.5999984741211","","","","73.5999984741211","","73.5999984741211","","72.0999984741211","","","",
"Serbia","SRB","Población que vive en barrios de tugurios (% de la población urbana)","EN.POP.SLUM.UR.ZS","","","","","","","","","","","","","","","","","","","","","","","","","","","","","","","","","","","","","","","","","","","","","","","","","","","","","","","","","3.59999990463257","","3.59999990463257","","","",
"África al sur del Sahara (excluido altos ingresos)","SSA","Población que vive en barrios de tugurios (% de la población urbana)","EN.POP.SLUM.UR.ZS","","","","","","","","","","","","","","","","","","","","","","","","","","","","","","","67.1267975866828","","","","","63.9433414768494","","","","","61.8361842722389","","","","","61.3685504788877","","","","","57.2944949590729","","","","55.2884005597136","","54.4776813268563","","53.5990118310132","","","",
"Sudán del Sur","SSD","Población que vive en barrios de tugurios (% de la población urbana)","EN.POP.SLUM.UR.ZS","","","","","","","","","","","","","","","","","","","","","","","","","","","","","","","","","","","","","","","","","","","","","","","","","","","","","","","95.5999984741211","","97.3000030517578","","91.4000015258789","","","",
"África al sur del Sahara","SSF","Población que vive en barrios de tugurios (% de la población urbana)","EN.POP.SLUM.UR.ZS","","","","","","","","","","","","","","","","","","","","","","","","","","","","","","","67.1267975866828","","","","","63.9433414768494","","","","","61.8361842722389","","","","","61.3685504788877","","","","","57.2944949590729","","","","55.2884005597136","","54.4776813268563","","53.5990118310132","","","",
"Pequeños Estados","SST","Población que vive en barrios de tugurios (% de la población urbana)","EN.POP.SLUM.UR.ZS","","","","","","","","","","","","","","","","","","","","","","","","","","","","","","","","","","","","","","","","","","","","","","","","","","","","","","","","","","","","","","",
"Santo Tomé y Príncipe","STP","Población que vive en barrios de tugurios (% de la población urbana)","EN.POP.SLUM.UR.ZS","","","","","","","","","","","","","","","","","","","","","","","","","","","","","","","","","","","","","","","","","","","","","","","","","","","","","","","86.5999984741211","","86.5999984741211","","85.6999969482422","","","",
"Suriname","SUR","Población que vive en barrios de tugurios (% de la población urbana)","EN.POP.SLUM.UR.ZS","","","","","","","","","","","","","","","","","","","","","","","","","","","","","","","","","","","","","","","","","","","","","","3.90000009536743","","","","","","","","","7.30000019073486","","5.90000009536743","","5.90000009536743","","","",
"República Eslovaca","SVK","Población que vive en barrios de tugurios (% de la población urbana)","EN.POP.SLUM.UR.ZS","","","","","","","","","","","","","","","","","","","","","","","","","","","","","","","","","","","","","","","","","","","","","","","","","","","","","","","","","","","","","","",
"Eslovenia","SVN","Población que vive en barrios de tugurios (% de la población urbana)","EN.POP.SLUM.UR.ZS","","","","","","","","","","","","","","","","","","","","","","","","","","","","","","","","","","","","","","","","","","","","","","","","","","","","","","","","","3.70000004768372","","3.70000004768372","","","",
"Suecia","SWE","Población que vive en barrios de tugurios (% de la población urbana)","EN.POP.SLUM.UR.ZS","","","","","","","","","","","","","","","","","","","","","","","","","","","","","","","","","","","","","","","","","","","","","","","","","","","","","","","","","0.00100000004749745","","0.00100000004749745","","","",
"Eswatini","SWZ","Población que vive en barrios de tugurios (% de la población urbana)","EN.POP.SLUM.UR.ZS","","","","","","","","","","","","","","","","","","","","","","","","","","","","","","","","","","","","","","","","","","","","","","","","","","","","","","","32.7000007629395","","32.7000007629395","","32.0999984741211","","","",
"Sint Maarten (Dutch part)","SXM","Población que vive en barrios de tugurios (% de la población urbana)","EN.POP.SLUM.UR.ZS","","","","","","","","","","","","","","","","","","","","","","","","","","","","","","","","","","","","","","","","","","","","","","","","","","","","","","","","","","","","","","",
"Seychelles","SYC","Población que vive en barrios de tugurios (% de la población urbana)","EN.POP.SLUM.UR.ZS","","","","","","","","","","","","","","","","","","","","","","","","","","","","","","","","","","","","","","","","","","","","","","","","","","","","","","","","","","","","","","",
"República Árabe Siria","SYR","Población que vive en barrios de tugurios (% de la población urbana)","EN.POP.SLUM.UR.ZS","","","","","","","","","","","","","","","","","","","","","","","","","","","","","","","","","","","","","","","","","","","","","","10.5","","","","","","","","","19.2999992370605","","15.3000001907349","","37.9000015258789","","","",
"Islas Turcas y Caicos","TCA","Población que vive en barrios de tugurios (% de la población urbana)","EN.POP.SLUM.UR.ZS","","","","","","","","","","","","","","","","","","","","","","","","","","","","","","","","","","","","","","","","","","","","","","","","","","","","","","","","","","","","","","",
"Chad","TCD","Población que vive en barrios de tugurios (% de la población urbana)","EN.POP.SLUM.UR.ZS","","","","","","","","","","","","","","","","","","","","","","","","","","","","","","","98.9000015258789","","","","","96.4000015258789","","","","","93.9000015258789","","","","","91.3000030517578","","","","","89.3000030517578","","","","88.1999969482422","","87","","86.9000015258789","","","",
"Asia oriental y el Pacífico (BIRF y la AIF)","TEA","Población que vive en barrios de tugurios (% de la población urbana)","EN.POP.SLUM.UR.ZS","","","","","","","","","","","","","","","","","","","","","","","","","","","","","","","46.0376057650037","","","","","42.021156220944","","","","","37.9019605400663","","","","","33.1172566606095","","","","","28.9492683183818","","","","25.7913934272637","","","","26.3951207342983","","","",
"Europa y Asia central (BIRF y la AIF)","TEC","Población que vive en barrios de tugurios (% de la población urbana)","EN.POP.SLUM.UR.ZS","","","","","","","","","","","","","","","","","","","","","","","","","","","","","","","","","","","","","","","","","","","","","","","","","","","","","","","","","","","","","","",
"Togo","TGO","Población que vive en barrios de tugurios (% de la población urbana)","EN.POP.SLUM.UR.ZS","","","","","","","","","","","","","","","","","","","","","","","","","","","","","","","","","","","","","","","","","","","","","","62.0999984741211","","","","","","","","","51.2000007629395","","53","","54.2999992370605","","","",
"Tailandia","THA","Población que vive en barrios de tugurios (% de la población urbana)","EN.POP.SLUM.UR.ZS","","","","","","","","","","","","","","","","","","","","","","","","","","","","","","","","","","","","","","","","","","","","","","26","","","","","27","","","","25","","24.6000003814697","","23.7000007629395","","","",
"Tayikistán","TJK","Población que vive en barrios de tugurios (% de la población urbana)","EN.POP.SLUM.UR.ZS","","","","","","","","","","","","","","","","","","","","","","","","","","","","","","","","","","","","","","","","","","","","","","","","","","","","","","","","","26","","26","","","",
"Turkmenistán","TKM","Población que vive en barrios de tugurios (% de la población urbana)","EN.POP.SLUM.UR.ZS","","","","","","","","","","","","","","","","","","","","","","","","","","","","","","","","","","","","","","","","","","","","","","","","","","","","","","","","","","","","","","",
"América Latina y el Caribe (BIRF y la AIF)","TLA","Población que vive en barrios de tugurios (% de la población urbana)","EN.POP.SLUM.UR.ZS","","","","","","","","","","","","","","","","","","","","","","","","","","","","","","","35.5496803728819","","","","","32.9587543001712","","","","","30.3092011445831","","","","","25.4622347523598","","","","","","","","","21.121645936023","","20.6834990074424","","21.0040716987546","","","",
"Timor-Leste","TLS","Población que vive en barrios de tugurios (% de la población urbana)","EN.POP.SLUM.UR.ZS","","","","","","","","","","","","","","","","","","","","","","","","","","","","","","","","","","","","","","","","","","","","","","","","","","","","","","","","","34","","33.4000015258789","","","",
"Oriente Medio y Norte de África (BIRF y la AIF)","TMN","Población que vive en barrios de tugurios (% de la población urbana)","EN.POP.SLUM.UR.ZS","","","","","","","","","","","","","","","","","","","","","","","","","","","","","","","","","","","","","","","","","","","","","","","","","","","","","","","","","22.2426909704696","","25.2053037193666","","","",
"Tonga","TON","Población que vive en barrios de tugurios (% de la población urbana)","EN.POP.SLUM.UR.ZS","","","","","","","","","","","","","","","","","","","","","","","","","","","","","","","","","","","","","","","","","","","","","","","","","","","","","","","","","","","","","","",
"Asia meridional (BIRF y la AIF)","TSA","Población que vive en barrios de tugurios (% de la población urbana)","EN.POP.SLUM.UR.ZS","","","","","","","","","","","","","","","","","","","","","","","","","","","","","","","56.914032115668","","","","","51.3552626222296","","","","","45.5348280279601","","","","","39.7511550292571","","","","","34.7792661108971","","","","30.4594051132716","","38.0970254528107","","37.6560947439141","","","",
"África al sur del Sahara (BIRF y la AIF)","TSS","Población que vive en barrios de tugurios (% de la población urbana)","EN.POP.SLUM.UR.ZS","","","","","","","","","","","","","","","","","","","","","","","","","","","","","","","67.1267975866828","","","","","63.9433414768494","","","","","61.8361842722389","","","","","61.3685504788877","","","","","57.2944949590729","","","","55.2884005597136","","54.4776813268563","","53.5990118310132","","","",
"Trinidad y Tobago","TTO","Población que vive en barrios de tugurios (% de la población urbana)","EN.POP.SLUM.UR.ZS","","","","","","","","","","","","","","","","","","","","","","","","","","","","","","","","","","","","","","","","","","","","","","24.7000007629395","","","","","","","","","24.7000007629395","","5.40000009536743","","5.40000009536743","","","",
"Túnez","TUN","Población que vive en barrios de tugurios (% de la población urbana)","EN.POP.SLUM.UR.ZS","","","","","","","","","","","","","","","","","","","","","","","","","","","","","","","","","","","","","","","","","","","","","","","","","","","","","","","8","","8","","8.19999980926514","","","",
"Turquía","TUR","Población que vive en barrios de tugurios (% de la población urbana)","EN.POP.SLUM.UR.ZS","","","","","","","","","","","","","","","","","","","","","","","","","","","","","","","23.3999996185303","","","","","20.7000007629395","","","","","17.8999996185303","","","","","15.5","","","","","13","","","","11.8999996185303","","8.10000038146973","","8.60000038146973","","","",
"Tuvalu","TUV","Población que vive en barrios de tugurios (% de la población urbana)","EN.POP.SLUM.UR.ZS","","","","","","","","","","","","","","","","","","","","","","","","","","","","","","","","","","","","","","","","","","","","","","","","","","","","","","","","","","","","","","",
"Tanzanía","TZA","Población que vive en barrios de tugurios (% de la población urbana)","EN.POP.SLUM.UR.ZS","","","","","","","","","","","","","","","","","","","","","","","","","","","","","","","77.4000015258789","","","","","73.6999969482422","","","","","70.0999984741211","","","","","66.4000015258789","","","","","63.5","","","","50.7000007629395","","41.7000007629395","","40.0999984741211","","","",
"Uganda","UGA","Población que vive en barrios de tugurios (% de la población urbana)","EN.POP.SLUM.UR.ZS","","","","","","","","","","","","","","","","","","","","","","","","","","","","","","","75","","","","","75","","","","","75","","","","","66.6999969482422","","","","","60.0999984741211","","","","53.5999984741211","","47.5","","48.2999992370605","","","",
"Ucrania","UKR","Población que vive en barrios de tugurios (% de la población urbana)","EN.POP.SLUM.UR.ZS","","","","","","","","","","","","","","","","","","","","","","","","","","","","","","","","","","","","","","","","","","","","","","","","","","","","","","","","","19","","19","","","",
"Ingreso mediano alto","UMC","Población que vive en barrios de tugurios (% de la población urbana)","EN.POP.SLUM.UR.ZS","","","","","","","","","","","","","","","","","","","","","","","","","","","","","","","38.2942733439189","","","","","35.6255196368836","","","","","32.8222678990597","","","","","29.2682597487915","","","","","27.3129279877422","","","","23.1202413150659","","","","22.4606760881716","","","",
"Uruguay","URY","Población que vive en barrios de tugurios (% de la población urbana)","EN.POP.SLUM.UR.ZS","","","","","","","","","","","","","","","","","","","","","","","","","","","","","","","","","","","","","","","","","","","","","","","","","","","","","","","","","","","","","","",
"Estados Unidos","USA","Población que vive en barrios de tugurios (% de la población urbana)","EN.POP.SLUM.UR.ZS","","","","","","","","","","","","","","","","","","","","","","","","","","","","","","","","","","","","","","","","","","","","","","","","","","","","","","","","","","","","","","",
"Uzbekistán","UZB","Población que vive en barrios de tugurios (% de la población urbana)","EN.POP.SLUM.UR.ZS","","","","","","","","","","","","","","","","","","","","","","","","","","","","","","","","","","","","","","","","","","","","","","","","","","","","","","","","","52.2000007629395","","52.2000007629395","","","",
"San Vicente y las Granadinas","VCT","Población que vive en barrios de tugurios (% de la población urbana)","EN.POP.SLUM.UR.ZS","","","","","","","","","","","","","","","","","","","","","","","","","","","","","","","","","","","","","","","","","","","","","","","","","","","","","","","","","","","","","","",
"Venezuela","VEN","Población que vive en barrios de tugurios (% de la población urbana)","EN.POP.SLUM.UR.ZS","","","","","","","","","","","","","","","","","","","","","","","","","","","","","","","","","","","","","","","","","","","","","","32","","","","","","","","","32","","34.9000015258789","","44.0999984741211","","","",
"Islas Vírgenes Británicas","VGB","Población que vive en barrios de tugurios (% de la población urbana)","EN.POP.SLUM.UR.ZS","","","","","","","","","","","","","","","","","","","","","","","","","","","","","","","","","","","","","","","","","","","","","","","","","","","","","","","","","","","","","","",
"Islas Vírgenes (EE.UU.)","VIR","Población que vive en barrios de tugurios (% de la población urbana)","EN.POP.SLUM.UR.ZS","","","","","","","","","","","","","","","","","","","","","","","","","","","","","","","","","","","","","","","","","","","","","","","","","","","","","","","","","","","","","","",
"Viet Nam","VNM","Población que vive en barrios de tugurios (% de la población urbana)","EN.POP.SLUM.UR.ZS","","","","","","","","","","","","","","","","","","","","","","","","","","","","","","","60.5","","","","","54.5999984741211","","","","","48.7999992370605","","","","","41.2999992370605","","","","","35.2000007629395","","","","27.2000007629395","","14.3999996185303","","13.8000001907349","","","",
"Vanuatu","VUT","Población que vive en barrios de tugurios (% de la población urbana)","EN.POP.SLUM.UR.ZS","","","","","","","","","","","","","","","","","","","","","","","","","","","","","","","","","","","","","","","","","","","","","","","","","","","","","","","","","","","","","","",
"Mundo","WLD","Población que vive en barrios de tugurios (% de la población urbana)","EN.POP.SLUM.UR.ZS","","","","","","","","","","","","","","","","","","","","","","","","","","","","","","","","","","","","","","","","","39.6615517871702","","","","","35.5105630483454","","","","","33.1684811781838","","","","29.6185537619985","","","","29.2361359901447","","","",
"Samoa","WSM","Población que vive en barrios de tugurios (% de la población urbana)","EN.POP.SLUM.UR.ZS","","","","","","","","","","","","","","","","","","","","","","","","","","","","","","","","","","","","","","","","","","","","","","","","","","","","","","","","","","","","","","",
"Kosovo","XKX","Población que vive en barrios de tugurios (% de la población urbana)","EN.POP.SLUM.UR.ZS","","","","","","","","","","","","","","","","","","","","","","","","","","","","","","","","","","","","","","","","","","","","","","","","","","","","","","","","","","","","","","",
"Yemen, Rep. del","YEM","Población que vive en barrios de tugurios (% de la población urbana)","EN.POP.SLUM.UR.ZS","","","","","","","","","","","","","","","","","","","","","","","","","","","","","","","","","","","","","","","","","","","","","","67.1999969482422","","","","","","","","","60.7999992370605","","56.4000015258789","","66.1999969482422","","","",
"Sudáfrica","ZAF","Población que vive en barrios de tugurios (% de la población urbana)","EN.POP.SLUM.UR.ZS","","","","","","","","","","","","","","","","","","","","","","","","","","","","","","","46.2000007629395","","","","","39.7000007629395","","","","","33.2000007629395","","","","","28.7000007629395","","","","","23","","","","23","","26.2999992370605","","25.6000003814697","","","",
"Zambia","ZMB","Población que vive en barrios de tugurios (% de la población urbana)","EN.POP.SLUM.UR.ZS","","","","","","","","","","","","","","","","","","","","","","","","","","","","","","","57","","","","","57.0999984741211","","","","","57.2000007629395","","","","","57.2000007629395","","","","","57.2999992370605","","","","54","","63.2999992370605","","54.5999984741211","","","",
"Zimbabwe","ZWE","Población que vive en barrios de tugurios (% de la población urbana)","EN.POP.SLUM.UR.ZS","","","","","","","","","","","","","","","","","","","","","","","","","","","","","","","4","","","","","3.70000004768372","","","","","3.29999995231628","","","","","17.8999996185303","","","","","24.1000003814697","","","","25.1000003814697","","28.2999992370605","","33.5","","","",
